SubID,trialType,comparison,trialNum,firstSide,moreSide,userChoice,startTime,clickTime
Sub1,warmUp,1vs3,1,rightB,rightB,cookieright1,1408648609612,1408648664950
Sub1,warmUp,1vs2,2,rightB,leftB,plateLeft,1408648671537,1408648681918
Sub1,warmUp,2vs3,3,leftB,leftB,cookieright1,1408648690290,1408648697369
Sub1,warmUp,2vs3,3,leftB,leftB,cookieright1,1408648690290,1408648697844
Sub1,warmUp,2vs3,3,leftB,leftB,plateLeft,1408648690290,1408648701011
Sub1,warmUp,1vs4,4,rightB,leftB,cookieleft3,1408648709344,1408648712795
Sub1,warmUp,1vs3,5,leftB,leftB,cookieleft2,1408648723331,1408648726745
Sub1,warmUp,1vs2,6,leftB,rightB,cookieleft1,1408648733270,1408648733907
Sub1,warmUp,1vs2,6,leftB,rightB,cookieleft1,1408648733270,1408648734335
Sub1,warmUp,1vs2,6,leftB,rightB,cookieright1,1408648733270,1408648737341
Sub1,warmUp,1vs4,8,leftB,rightB,cookieright2,1408648754843,1408648755181
Sub2,warmUp,1vs3,1,leftB,leftB,cookieleft1,1408649979110,1408649983855
Sub2,warmUp,1vs2,2,leftB,leftB,cookieleft2,1408649990417,1408649991269
Sub2,warmUp,2vs3,3,rightB,rightB,cookieright3,1408649999595,1408650000233
Sub2,warmUp,1vs4,4,rightB,leftB,cookieleft2,1408650008561,1408650009142
Sub2,warmUp,1vs3,5,rightB,rightB,cookieright2,1408650019830,1408650020718
Sub2,warmUp,1vs2,6,rightB,rightB,cookieright1,1408650027335,1408650027825
Sub2,warmUp,2vs3,7,rightB,rightB,cookieright2,1408650036368,1408650036973
Sub2,warmUp,1vs4,8,leftB,leftB,cookieleft2,1408650045370,1408650045886
Sub3,warmUp,1vs4,1,rightB,rightB,cookieleft1,1408651245544,1408651263088
Sub3,warmUp,1vs4,1,rightB,rightB,plateRight,1408651245544,1408651276373
Sub3,warmUp,1vs3,2,rightB,leftB,plateRight,1408651284377,1408651304128
Sub3,warmUp,1vs3,2,rightB,leftB,cookieleft1,1408651284377,1408651305231
Sub3,warmUp,2vs3,3,leftB,rightB,cookieleft2,1408651314925,1408651319146
Sub4,warmUp,2vs3,1,rightB,leftB,plateLeft,1408652065898,1408652094840
Sub4,warmUp,1vs3,2,rightB,leftB,cookieleft3,1408652103539,1408652112126
Sub4,warmUp,1vs2,3,rightB,leftB,cookieleft2,1408652120468,1408652127925
Sub4,warmUp,1vs4,4,leftB,rightB,plateLeft,1408652136252,1408652140983
Sub4,warmUp,1vs4,4,leftB,rightB,cookieleft1,1408652136252,1408652143492
Sub4,warmUp,1vs4,4,leftB,rightB,cookieleft1,1408652136252,1408652143832
Sub4,warmUp,1vs4,4,leftB,rightB,cookieleft1,1408652136252,1408652144130
Sub4,warmUp,1vs4,4,leftB,rightB,cookieleft1,1408652136252,1408652144468
Sub4,warmUp,1vs4,4,leftB,rightB,cookieleft1,1408652136252,1408652144932
Sub4,warmUp,1vs4,4,leftB,rightB,cookieleft1,1408652136252,1408652147958
Sub4,warmUp,1vs4,4,leftB,rightB,plateLeft,1408652136252,1408652148723
Sub4,warmUp,1vs4,4,leftB,rightB,plateLeft,1408652136252,1408652148290
Sub4,warmUp,1vs4,4,leftB,rightB,cookieleft1,1408652136252,1408652149010
Sub4,warmUp,1vs4,4,leftB,rightB,cookieleft1,1408652136252,1408652149346
Sub4,warmUp,1vs4,4,leftB,rightB,plateLeft,1408652136252,1408652149794
Sub4,warmUp,1vs4,4,leftB,rightB,cookieleft1,1408652136252,1408652149911
Sub4,warmUp,1vs4,4,leftB,rightB,cookieleft1,1408652136252,1408652150082
Sub4,warmUp,1vs4,4,leftB,rightB,plateRight,1408652136252,1408652168448
Sub4,warmUp,2vs3,5,leftB,rightB,cookieleft1,1408652184367,1408652196979
Sub4,warmUp,2vs3,5,leftB,rightB,cookieleft2,1408652184367,1408652197722
Sub4,warmUp,2vs3,5,leftB,rightB,cookieleft2,1408652184367,1408652198057
Sub4,warmUp,2vs3,5,leftB,rightB,cookieleft2,1408652184367,1408652202216
Sub4,warmUp,2vs3,5,leftB,rightB,cookieleft2,1408652184367,1408652202888
Sub4,warmUp,2vs3,5,leftB,rightB,cookieleft1,1408652184367,1408652203720
Sub4,warmUp,2vs3,5,leftB,rightB,cookieleft1,1408652184367,1408652204409
Sub4,warmUp,2vs3,5,leftB,rightB,cookieright2,1408652184367,1408652204830
Sub4,warmUp,2vs3,5,leftB,rightB,cookieleft2,1408652184367,1408652202520
Sub4,warmUp,2vs3,5,leftB,rightB,plateLeft,1408652184367,1408652202294
Sub4,warmUp,1vs3,6,rightB,leftB,plateLeft,1408652214343,1408652218151
Sub4,warmUp,1vs2,7,rightB,leftB,plateLeft,1408652225942,1408652227014
Sub4,warmUp,1vs4,8,rightB,leftB,cookieleft1,1408652235410,1408652239425
Sub5,warmUp,1vs3,1,rightB,rightB,cookieright1,1408653035736,1408653037828
Sub5,warmUp,1vs2,2,rightB,rightB,cookieright1,1408653044362,1408653044744
Sub5,warmUp,1vs4,3,leftB,rightB,cookieright1,1408653053079,1408653053108
Sub5,warmUp,2vs3,4,rightB,leftB,cookieleft3,1408653061438,1408653063196
Sub5,warmUp,1vs3,5,leftB,leftB,cookieleft1,1408653073736,1408653074262
Sub5,warmUp,1vs2,6,rightB,rightB,cookieright1,1408653080786,1408653080914
Sub5,warmUp,1vs4,7,rightB,leftB,cookieleft2,1408653089258,1408653090452
Sub5,warmUp,2vs3,8,leftB,leftB,cookieleft2,1408653098937,1408653099353
Sub6,warmUp,2vs3,1,rightB,rightB,cookieright2,1408653344003,1408653344609
Sub6,warmUp,1vs2,2,leftB,rightB,cookieright1,1408653351139,1408653351599
Sub6,warmUp,1vs4,3,leftB,leftB,cookieleft2,1408653359932,1408653360100
Sub6,warmUp,1vs3,4,leftB,leftB,cookieleft2,1408653367528,1408653367968
Sub6,warmUp,2vs3,5,rightB,leftB,cookieleft2,1408653379416,1408653379596
Sub6,warmUp,1vs2,6,rightB,rightB,cookieright1,1408653386151,1408653387120
Sub6,warmUp,1vs4,7,rightB,leftB,cookieleft2,1408653395447,1408653395863
Sub6,warmUp,1vs3,8,leftB,leftB,cookieleft2,1408653403288,1408653403306
Sub7,warmUp,1vs3,1,leftB,rightB,plateRight,1408656056381,1408656188137
Sub7,warmUp,1vs2,2,rightB,rightB,cookieleft1,1408656195150,1408656209546
Sub7,warmUp,1vs2,2,rightB,rightB,cookieleft1,1408656195150,1408656209912
Sub8,warmUp,2vs3,1,leftB,rightB,plateLeft,1408657828280,1408657849797
Sub8,warmUp,2vs3,1,leftB,rightB,cookieleft1,1408657828280,1408657850796
Sub8,warmUp,2vs3,1,leftB,rightB,cookieleft1,1408657828280,1408657852734
Sub8,warmUp,2vs3,1,leftB,rightB,plateLeft,1408657828280,1408657864013
Sub8,warmUp,2vs3,1,leftB,rightB,cookieright3,1408657828280,1408657873691
Sub8,warmUp,1vs2,2,leftB,rightB,cookieleft1,1408657880445,1408657881208
Sub8,warmUp,1vs2,2,leftB,rightB,plateRight,1408657880445,1408657882862
Sub8,warmUp,1vs3,3,rightB,leftB,cookieleft2,1408657890293,1408657891323
Sub8,warmUp,1vs4,4,leftB,leftB,cookieleft3,1408657899655,1408657900548
Sub8,warmUp,2vs3,5,rightB,rightB,cookieleft2,1408657912031,1408657912936
Sub8,warmUp,2vs3,5,rightB,rightB,cookieleft2,1408657912031,1408657913357
Sub8,warmUp,2vs3,5,rightB,rightB,cookieright1,1408657912031,1408657914207
Sub8,warmUp,1vs2,6,rightB,rightB,cookieright2,1408657920777,1408657921723
Sub8,warmUp,1vs3,7,leftB,leftB,cookieleft2,1408657929148,1408657930406
Sub8,warmUp,1vs4,8,leftB,rightB,cookieright3,1408657938753,1408657939128
Sub9,warmUp,1vs4,1,rightB,rightB,cookieright1,1408825482040,1408825484666
Sub9,warmUp,2vs3,2,rightB,leftB,cookieright1,1408825493000,1408825493654
Sub9,warmUp,2vs3,2,rightB,leftB,cookieright1,1408825493000,1408825494254
Sub9,warmUp,2vs3,2,rightB,leftB,cookieleft3,1408825493000,1408825496625
Sub9,warmUp,1vs3,3,leftB,rightB,cookieright2,1408825504052,1408825504292
Sub9,warmUp,1vs2,4,rightB,leftB,cookieleft2,1408825510827,1408825513703
Sub9,warmUp,1vs4,5,rightB,rightB,plateRight,1408825525148,1408825525380
Sub9,warmUp,2vs3,6,leftB,rightB,plateRight,1408825533711,1408825536349
Sub9,warmUp,1vs3,7,rightB,rightB,cookieright2,1408825543805,1408825544328
Sub9,warmUp,1vs2,8,rightB,leftB,cookieleft1,1408825550938,1408825553876
Sub10,warmUp,2vs3,1,rightB,leftB,cookieleft3,1408828615473,1408828619072
Sub10,warmUp,1vs2,2,rightB,leftB,cookieleft2,1408828625631,1408828627148
Sub10,warmUp,1vs3,3,rightB,rightB,cookieright2,1408828634578,1408828635220
Sub10,warmUp,1vs4,4,rightB,leftB,cookieleft3,1408828643552,1408828643892
Sub10,warmUp,2vs3,5,rightB,rightB,cookieright1,1408828655430,1408828656229
Sub10,warmUp,1vs2,6,leftB,rightB,cookieright1,1408828662760,1408828663840
Sub10,warmUp,1vs3,7,leftB,rightB,cookieright2,1408828671271,1408828671886
Sub10,warmUp,1vs4,8,rightB,leftB,cookieleft3,1408828680229,1408828680490
Sub10,test,2vs3,1,rightB,rightB,rightBottom,1408828706012,1408828730678
Sub10,test,1vs2,2,leftB,leftB,leftBottom,1408828737220,1408828738584
Sub10,test,1vs3,3,rightB,rightB,rightBottom,1408828746033,1408828747527
Sub10,test,1vs4,4,rightB,leftB,leftBottom,1408828755913,1408828756155
Sub10,test,2vs3,5,rightB,leftB,leftBottom,1408828767680,1408828768438
Sub10,test,1vs2,6,rightB,rightB,rightBottom,1408828774978,1408828775393
Sub10,test,1vs3,7,leftB,rightB,rightBottom,1408828782838,1408828783131
Sub10,test,1vs4,8,leftB,leftB,leftBottom,1408828791546,1408828791865
Sub10,test,2vs3,9,rightB,rightB,rightBottom,1408828803355,1408828803422
Sub10,test,1vs2,10,rightB,rightB,rightBottom,1408828809962,1408828811524
Sub10,test,1vs3,11,leftB,leftB,leftBottom,1408828818963,1408828821310
Sub10,test,1vs4,12,leftB,rightB,rightBottom,1408828829649,1408828830788
Sub10,test,2vs3,13,rightB,leftB,leftBottom,1408828842267,1408828842686
Sub10,test,1vs2,14,leftB,leftB,leftBottom,1408828849222,1408828849463
Sub10,test,1vs3,15,leftB,rightB,rightBottom,1408828856901,1408828857040
Sub10,test,1vs4,16,rightB,leftB,leftBottom,1408828865382,1408828866453
Sub11,warmUp,2vs3,1,leftB,leftB,cookieleft2,1408829032262,1408829032541
Sub11,warmUp,1vs3,2,rightB,leftB,cookieleft2,1408829039978,1408829040447
Sub11,warmUp,1vs4,3,leftB,rightB,cookieright3,1408829048854,1408829048904
Sub11,warmUp,1vs2,4,leftB,rightB,cookieright1,1408829055438,1408829055813
Sub11,warmUp,2vs3,5,leftB,rightB,cookieright2,1408829067333,1408829067398
Sub11,warmUp,1vs3,6,rightB,rightB,cookieright2,1408829074828,1408829075286
Sub11,warmUp,1vs4,7,leftB,rightB,cookieright3,1408829083678,1408829084205
Sub11,warmUp,1vs2,8,leftB,leftB,cookieleft2,1408829090814,1408829091204
Sub11,test,2vs3,1,rightB,leftB,leftBottom,1408829112473,1408829112506
Sub11,test,1vs3,2,leftB,leftB,leftBottom,1408829120087,1408829122413
Sub11,test,1vs4,3,leftB,leftB,leftBottom,1408829130763,1408829131351
Sub11,test,1vs2,4,leftB,rightB,rightBottom,1408829137965,1408829138346
Sub11,test,2vs3,5,rightB,leftB,leftBottom,1408829149902,1408829150489
Sub11,test,1vs3,6,leftB,leftB,leftBottom,1408829157993,1408829158587
Sub11,test,1vs4,7,rightB,rightB,rightBottom,1408829167007,1408829167478
Sub11,test,1vs2,8,leftB,leftB,leftBottom,1408829174097,1408829174511
Sub11,test,2vs3,9,leftB,rightB,rightBottom,1408829186033,1408829186193
Sub11,test,1vs3,10,leftB,leftB,leftBottom,1408829193640,1408829194035
Sub11,test,1vs4,11,rightB,rightB,rightBottom,1408829202436,1408829202503
Sub11,test,1vs2,12,rightB,leftB,leftBottom,1408829209050,1408829209770
Sub11,test,2vs3,13,leftB,leftB,leftBottom,1408829221226,1408829222380
Sub11,test,1vs3,14,leftB,leftB,leftTop,1408829229817,1408829230304
Sub11,test,1vs4,15,rightB,leftB,leftBottom,1408829238739,1408829239169
Sub11,test,1vs2,16,leftB,leftB,leftBottom,1408829245798,1408829246261
Sub12,warmUp,1vs3,1,rightB,leftB,cookieleft1,1408830255411,1408830256687
Sub12,warmUp,1vs2,2,rightB,leftB,cookieleft1,1408830263272,1408830263643
Sub12,warmUp,2vs3,3,leftB,rightB,cookieright1,1408830271988,1408830272380
Sub12,warmUp,1vs4,4,leftB,rightB,plateLeft,1408830280713,1408830281516
Sub12,warmUp,1vs4,4,leftB,rightB,cookieleft1,1408830280713,1408830281764
Sub12,warmUp,1vs4,4,leftB,rightB,plateLeft,1408830280713,1408830281774
Sub12,warmUp,1vs4,4,leftB,rightB,cookieleft1,1408830280713,1408830282675
Sub12,warmUp,1vs4,4,leftB,rightB,cookieleft1,1408830280713,1408830283108
Sub12,warmUp,1vs4,4,leftB,rightB,cookieright3,1408830280713,1408830283672
Sub12,warmUp,1vs3,5,rightB,rightB,cookieright1,1408830294237,1408830294757
Sub12,warmUp,1vs2,6,rightB,leftB,cookieleft1,1408830301285,1408830301804
Sub12,warmUp,2vs3,7,rightB,leftB,cookieleft2,1408830310135,1408830310664
Sub12,warmUp,1vs4,8,leftB,leftB,cookieleft2,1408830318999,1408830319535
Sub12,test,1vs3,1,leftB,rightB,rightBottom,1408830344582,1408830346055
Sub12,test,1vs2,2,rightB,rightB,rightBottom,1408830352596,1408830352992
Sub12,test,2vs3,3,rightB,leftB,leftBottom,1408830361335,1408830362756
Sub12,test,1vs4,4,leftB,rightB,rightBottom,1408830371103,1408830371522
Sub12,test,1vs3,5,rightB,leftB,leftBottom,1408830382079,1408830382664
Sub12,test,1vs2,6,rightB,rightB,rightBottom,1408830389234,1408830389768
Sub12,test,2vs3,7,rightB,rightB,rightBottom,1408830398130,1408830399546
Sub12,test,1vs4,8,leftB,rightB,rightBottom,1408830407962,1408830408370
Sub12,test,1vs3,9,leftB,rightB,rightBottom,1408830418983,1408830419415
Sub12,test,1vs2,10,leftB,leftB,leftBottom,1408830425966,1408830426454
Sub12,test,2vs3,11,rightB,leftB,leftBottom,1408830434797,1408830435155
Sub12,test,1vs4,12,leftB,rightB,rightBottom,1408830443496,1408830443954
Sub12,test,1vs3,13,leftB,leftB,leftBottom,1408830454523,1408830455849
Sub12,test,1vs2,14,rightB,rightB,rightBottom,1408830462395,1408830462737
Sub12,test,2vs3,15,leftB,rightB,rightBottom,1408830471080,1408830471457
Sub12,test,1vs4,16,leftB,leftB,leftBottom,1408830479799,1408830480133
Sub13,warmUp,1vs4,1,rightB,rightB,cookieright4,1408831517478,1408831518215
Sub13,warmUp,1vs3,2,leftB,leftB,plateRight,1408831525667,1408831529792
Sub13,warmUp,1vs3,2,leftB,leftB,cookieleft2,1408831525667,1408831534368
Sub13,warmUp,1vs2,3,leftB,leftB,cookieleft2,1408831540919,1408831542926
Sub13,warmUp,2vs3,4,rightB,rightB,cookieright3,1408831551253,1408831552591
Sub13,warmUp,1vs4,5,leftB,rightB,cookieright4,1408831564055,1408831566049
Sub13,warmUp,1vs3,6,rightB,rightB,cookieright3,1408831573573,1408831574985
Sub13,warmUp,1vs2,7,leftB,rightB,plateRight,1408831581513,1408831583011
Sub13,warmUp,2vs3,8,leftB,rightB,cookieleft2,1408831591348,1408831592410
Sub13,warmUp,2vs3,8,leftB,rightB,cookieleft2,1408831591348,1408831592899
Sub13,warmUp,2vs3,8,leftB,rightB,cookieright2,1408831591348,1408831593993
Sub13,test,1vs4,1,rightB,leftB,leftBottom,1408831620503,1408831622725
Sub13,test,1vs3,2,leftB,rightB,rightBottom,1408831630178,1408831631521
Sub13,test,1vs2,3,rightB,leftB,leftBottom,1408831638060,1408831639512
Sub13,test,2vs3,4,rightB,leftB,leftBottom,1408831647857,1408831648270
Sub13,test,1vs4,5,rightB,rightB,rightBottom,1408831659796,1408831660167
Sub13,test,1vs3,6,leftB,leftB,leftBottom,1408831667614,1408831668040
Sub13,test,1vs2,7,leftB,leftB,leftBottom,1408831674577,1408831675224
Sub13,test,2vs3,8,rightB,rightB,rightBottom,1408831683565,1408831683726
Sub13,test,1vs4,9,rightB,leftB,leftBottom,1408831695188,1408831696530
Sub13,test,1vs3,10,rightB,rightB,rightBottom,1408831703967,1408831704109
Sub13,test,1vs2,11,rightB,rightB,rightBottom,1408831710645,1408831710893
Sub13,test,2vs3,12,leftB,leftB,leftBottom,1408831719238,1408831720890
Sub13,test,1vs4,13,rightB,leftB,leftBottom,1408831732344,1408831734567
Sub13,test,1vs3,14,leftB,leftB,leftBottom,1408831742008,1408831742243
Sub13,test,1vs2,15,leftB,rightB,rightBottom,1408831748783,1408831749283
Sub13,test,2vs3,16,rightB,rightB,rightBottom,1408831757651,1408831758091
Sub14,warmUp,1vs3,1,rightB,rightB,cookieright1,1408989740324,1408989743605
Sub14,warmUp,2vs3,2,leftB,leftB,plateLeft,1408989751942,1408989753286
Sub14,warmUp,1vs2,3,rightB,rightB,cookieright2,1408989759899,1408989761505
Sub14,warmUp,1vs4,4,leftB,rightB,cookieright3,1408989769878,1408989773675
Sub14,warmUp,1vs3,5,leftB,rightB,cookieright1,1408989784230,1408989784883
Sub14,warmUp,2vs3,6,rightB,rightB,cookieright3,1408989793415,1408989793943
Sub14,warmUp,1vs2,7,leftB,rightB,plateRight,1408989800511,1408989801362
Sub14,warmUp,1vs4,8,leftB,leftB,plateLeft,1408989809691,1408989810991
Sub14,test,1vs3,1,leftB,rightB,rightBottom,1408989837412,1408989838525
Sub14,test,2vs3,2,leftB,rightB,rightBottom,1408989846944,1408989850132
Sub14,test,1vs2,3,rightB,rightB,rightBottom,1408989856675,1408989857393
Sub14,test,1vs4,4,leftB,rightB,rightTop,1408989865834,1408989867548
Sub14,test,1vs3,5,rightB,rightB,rightBottom,1408989878098,1408989878620
Sub14,test,2vs3,6,rightB,leftB,leftBottom,1408989887041,1408989906352
Sub14,test,1vs2,7,rightB,leftB,leftBottom,1408989912914,1408989915464
Sub14,test,1vs4,8,leftB,leftB,leftBottom,1408989923909,1408989924453
Sub14,test,1vs3,9,leftB,leftB,leftBottom,1408989935121,1408989935492
Sub14,test,2vs3,10,rightB,rightB,rightBottom,1408989944083,1408989948985
Sub14,test,1vs2,11,leftB,leftB,leftBottom,1408989955585,1408989957562
Sub14,test,1vs4,12,rightB,leftB,leftBottom,1408989965954,1408989966023
Sub14,test,1vs3,13,leftB,rightB,rightBottom,1408989976583,1408989977015
Sub14,test,2vs3,14,leftB,leftB,leftBottom,1408989985391,1408989988035
Sub14,test,1vs2,15,rightB,rightB,rightBottom,1408989994574,1408989995601
Sub14,test,1vs4,16,leftB,rightB,rightBottom,1408990003942,1408990005379
Sub15,warmUp,1vs4,1,leftB,rightB,plateRight,1408991537302,1408991604863
Sub15,warmUp,1vs2,2,leftB,leftB,plateRight,1408991611417,1408991623055
Sub16,warmUp,1vs3,1,leftB,rightB,cookieright1,1408996457833,1408996459584
Sub16,warmUp,1vs4,2,leftB,rightB,cookieright3,1408996467916,1408996468920
Sub16,warmUp,1vs2,3,rightB,rightB,cookieright1,1408996475451,1408996475967
Sub16,warmUp,2vs3,4,leftB,rightB,cookieright2,1408996484304,1408996484828
Sub16,warmUp,1vs3,5,leftB,leftB,cookieleft2,1408996495373,1408996496253
Sub16,warmUp,1vs4,6,rightB,rightB,plateRight,1408996504587,1408996504741
Sub16,warmUp,1vs2,7,leftB,leftB,plateLeft,1408996511294,1408996511577
Sub16,warmUp,2vs3,8,leftB,leftB,cookieleft2,1408996519910,1408996520291
Sub16,test,1vs3,1,leftB,leftB,leftBottom,1408996545558,1408996545648
Sub16,test,1vs4,2,rightB,leftB,leftTop,1408996553986,1408996553992
Sub16,test,1vs2,3,leftB,rightB,rightBottom,1408996560597,1408996563205
Sub16,test,2vs3,4,rightB,leftB,leftBottom,1408996571552,1408996571831
Sub16,test,1vs3,5,leftB,leftB,leftBottom,1408996582530,1408996583110
Sub16,test,1vs4,6,rightB,rightB,rightBottom,1408996591449,1408996592623
Sub16,test,1vs2,7,rightB,rightB,rightBottom,1408996599163,1408996599585
Sub16,test,2vs3,8,leftB,leftB,leftBottom,1408996607953,1408996608199
Sub16,test,1vs3,9,rightB,rightB,rightBottom,1408996618749,1408996620290
Sub16,test,1vs4,10,rightB,rightB,rightBottom,1408996628631,1408996628639
Sub16,test,1vs2,11,rightB,leftB,leftBottom,1408996635181,1408996635768
Sub16,test,2vs3,12,leftB,rightB,rightBottom,1408996644179,1408996644277
Sub16,test,1vs3,13,leftB,leftB,leftBottom,1408996654829,1408996655145
Sub16,test,1vs4,14,leftB,leftB,leftBottom,1408996663499,1408996663740
Sub16,test,1vs2,15,rightB,rightB,rightBottom,1408996670283,1408996670588
Sub16,test,2vs3,16,rightB,rightB,rightBottom,1408996678927,1408996679270
Sub17,warmUp,1vs2,1,leftB,leftB,plateRight,1408998609199,1408998621803
Sub17,warmUp,1vs2,1,leftB,leftB,plateRight,1408998609199,1408998622067
Sub17,warmUp,1vs2,1,leftB,leftB,plateRight,1408998609199,1408998622317
Sub17,warmUp,1vs2,1,leftB,leftB,plateRight,1408998609199,1408998622305
Sub17,warmUp,1vs2,1,leftB,leftB,plateRight,1408998609199,1408998622811
Sub17,warmUp,1vs2,1,leftB,leftB,plateRight,1408998609199,1408998623194
Sub17,warmUp,1vs2,1,leftB,leftB,cookieright1,1408998609199,1408998708914
Sub17,warmUp,1vs2,1,leftB,leftB,cookieright1,1408998609199,1408998709442
Sub18,warmUp,1vs2,1,rightB,leftB,plateLeft,1408999041546,1408999044196
Sub18,warmUp,1vs4,2,rightB,leftB,cookieleft3,1408999053881,1408999054445
Sub18,warmUp,1vs3,3,leftB,rightB,cookieright2,1408999062739,1408999063301
Sub18,warmUp,2vs3,4,rightB,leftB,plateRight,1408999071749,1408999072764
Sub18,warmUp,2vs3,4,rightB,leftB,cookieright2,1408999071749,1408999072500
Sub18,warmUp,2vs3,4,rightB,leftB,cookieleft1,1408999071749,1408999074652
Sub18,warmUp,1vs2,5,rightB,leftB,cookieleft2,1408999084827,1408999086855
Sub18,warmUp,1vs4,6,rightB,rightB,cookieright3,1408999095360,1408999096268
Sub18,warmUp,1vs3,7,rightB,leftB,cookieleft2,1408999103860,1408999105325
Sub18,warmUp,2vs3,8,leftB,leftB,cookieleft2,1408999113655,1408999114716
Sub18,test,1vs2,1,rightB,leftB,leftBottom,1408999138830,1408999141591
Sub18,test,1vs4,2,rightB,leftB,leftBottom,1408999150286,1408999150923
Sub18,test,1vs3,3,rightB,rightB,rightBottom,1408999158521,1408999159840
Sub18,test,2vs3,4,leftB,leftB,leftBottom,1408999168179,1408999169847
Sub18,test,1vs2,5,rightB,leftB,leftBottom,1408999179768,1408999180850
Sub18,test,1vs4,6,rightB,rightB,rightBottom,1408999189276,1408999191059
Sub18,test,1vs3,7,rightB,rightB,rightBottom,1408999198627,1408999199236
Sub18,test,2vs3,8,rightB,leftB,leftBottom,1408999207728,1408999209825
Sub18,test,1vs2,9,leftB,rightB,rightBottom,1408999219480,1408999220809
Sub18,test,1vs4,10,leftB,rightB,rightBottom,1408999229159,1408999229668
Sub18,test,1vs3,11,leftB,rightB,rightBottom,1408999237561,1408999239288
Sub18,test,2vs3,12,rightB,rightB,rightBottom,1408999247626,1408999248223
Sub18,test,1vs2,13,rightB,leftB,leftBottom,1408999257877,1408999258562
Sub18,test,1vs4,14,leftB,rightB,rightBottom,1408999267396,1408999268032
Sub18,test,1vs3,15,leftB,rightB,rightBottom,1408999275471,1408999275726
Sub18,test,2vs3,16,leftB,leftB,leftBottom,1408999284076,1408999287883
Sub19,warmUp,1vs2,1,leftB,rightB,cookieright1,1409255682865,1409255685114
Sub19,warmUp,2vs3,2,leftB,rightB,cookieright2,1409255693448,1409255694472
Sub19,warmUp,1vs3,3,rightB,rightB,cookieright2,1409255701913,1409255702723
Sub19,warmUp,1vs4,4,rightB,rightB,cookieright2,1409255711056,1409255711281
Sub19,warmUp,1vs2,5,rightB,rightB,cookieright2,1409255720923,1409255721231
Sub19,warmUp,2vs3,6,rightB,rightB,cookieright2,1409255729559,1409255729829
Sub19,warmUp,1vs3,7,leftB,rightB,cookieright2,1409255737277,1409255737429
Sub19,warmUp,1vs4,8,leftB,leftB,cookieleft3,1409255745758,1409255746410
Sub19,test,1vs2,1,leftB,rightB,rightBottom,1409255765904,1409255766688
Sub19,test,2vs3,2,rightB,leftB,leftBottom,1409255775030,1409255778696
Sub19,test,1vs3,3,rightB,rightB,rightBottom,1409255786161,1409255786508
Sub19,test,1vs4,4,rightB,rightB,rightBottom,1409255794851,1409255795413
Sub19,test,1vs2,5,leftB,leftB,leftBottom,1409255805063,1409255807710
Sub19,test,2vs3,6,rightB,rightB,rightBottom,1409255816056,1409255816485
Sub19,test,1vs3,7,rightB,rightB,rightBottom,1409255823923,1409255824628
Sub19,test,1vs4,8,leftB,rightB,rightBottom,1409255832966,1409255833581
Sub19,test,1vs2,9,leftB,leftB,leftBottom,1409255843236,1409255845276
Sub19,test,2vs3,10,rightB,rightB,rightBottom,1409255853614,1409255856254
Sub19,test,1vs3,11,rightB,rightB,rightBottom,1409255863693,1409255864045
Sub19,test,1vs4,12,rightB,leftB,leftBottom,1409255872385,1409255874057
Sub19,test,1vs2,13,leftB,leftB,leftBottom,1409255883710,1409255884169
Sub19,test,2vs3,14,rightB,leftB,leftTop,1409255892509,1409255893958
Sub19,test,1vs3,15,rightB,rightB,rightBottom,1409255901398,1409255902689
Sub19,test,1vs4,16,rightB,rightB,rightBottom,1409255911032,1409255911350
Sub20,warmUp,1vs4,1,leftB,rightB,cookieright3,1409256578317,1409256580116
Sub20,warmUp,2vs3,2,rightB,rightB,cookieright2,1409256588454,1409256589160
Sub20,warmUp,1vs3,3,leftB,leftB,cookieleft3,1409256596601,1409256597248
Sub20,warmUp,1vs2,4,rightB,rightB,cookieright1,1409256603883,1409256604234
Sub20,warmUp,1vs4,5,leftB,rightB,cookieright3,1409256615678,1409256616067
Sub20,warmUp,2vs3,6,rightB,leftB,cookieleft3,1409256624403,1409256624980
Sub20,warmUp,1vs3,7,rightB,rightB,cookieright2,1409256632414,1409256632650
Sub20,warmUp,1vs2,8,rightB,rightB,cookieright1,1409256639182,1409256639427
Sub20,test,1vs4,1,rightB,leftB,leftBottom,1409256664519,1409256664917
Sub20,test,2vs3,2,leftB,leftB,leftBottom,1409256673256,1409256673532
Sub20,test,1vs3,3,leftB,rightB,rightBottom,1409256680977,1409256681225
Sub20,test,1vs2,4,leftB,leftB,leftBottom,1409256687760,1409256688861
Sub20,test,1vs4,5,rightB,rightB,rightBottom,1409256700309,1409256701986
Sub20,test,2vs3,6,leftB,rightB,rightBottom,1409256710324,1409256710443
Sub20,test,1vs3,7,rightB,leftB,leftBottom,1409256717878,1409256717963
Sub20,test,1vs2,8,rightB,leftB,leftBottom,1409256724500,1409256724528
Sub20,test,1vs4,9,leftB,leftB,leftBottom,1409256735983,1409256736235
Sub20,test,2vs3,10,rightB,rightB,rightBottom,1409256744577,1409256745130
Sub20,test,1vs3,11,rightB,rightB,rightBottom,1409256752568,1409256752689
Sub20,test,1vs2,12,rightB,rightB,rightBottom,1409256759227,1409256760568
Sub20,test,1vs4,13,leftB,leftB,leftBottom,1409256772033,1409256772183
Sub20,test,2vs3,14,rightB,leftB,leftBottom,1409256780541,1409256782210
Sub20,test,1vs3,15,leftB,rightB,rightBottom,1409256789649,1409256790263
Sub20,test,1vs2,16,leftB,rightB,rightBottom,1409256796802,1409256796919
Sub21,warmUp,1vs4,1,leftB,leftB,cookieleft4,1409257426069,1409257431683
Sub21,warmUp,1vs2,2,rightB,rightB,plateRight,1409257438217,1409257440430
Sub21,warmUp,1vs3,3,leftB,rightB,cookieright1,1409257447864,1409257448622
Sub21,warmUp,2vs3,4,leftB,rightB,cookieright2,1409257456957,1409257457379
Sub21,warmUp,1vs4,5,leftB,rightB,cookieright2,1409257468821,1409257469471
Sub21,warmUp,1vs2,6,leftB,leftB,plateLeft,1409257476006,1409257477325
Sub21,warmUp,1vs3,7,rightB,leftB,plateLeft,1409257484753,1409257485114
Sub21,warmUp,2vs3,8,leftB,rightB,plateRight,1409257493533,1409257493806
Sub21,test,1vs4,1,rightB,rightB,rightBottom,1409257518323,1409257519008
Sub21,test,1vs2,2,leftB,rightB,rightBottom,1409257525547,1409257527537
Sub21,test,1vs3,3,leftB,leftB,leftBottom,1409257534977,1409257535720
Sub21,test,2vs3,4,rightB,leftB,leftBottom,1409257544094,1409257544594
Sub21,test,1vs4,5,rightB,rightB,rightBottom,1409257556042,1409257556501
Sub21,test,1vs2,6,rightB,rightB,rightBottom,1409257563040,1409257564394
Sub21,test,1vs3,7,rightB,leftB,leftBottom,1409257571832,1409257573522
Sub21,test,2vs3,8,rightB,leftB,leftBottom,1409257581899,1409257582237
Sub21,test,1vs4,9,rightB,leftB,leftBottom,1409257593688,1409257594369
Sub21,test,1vs2,10,leftB,rightB,rightBottom,1409257600915,1409257601733
Sub21,test,1vs3,11,leftB,leftB,leftBottom,1409257609182,1409257609872
Sub21,test,2vs3,12,leftB,rightB,rightBottom,1409257618259,1409257618532
Sub21,test,1vs4,13,leftB,leftB,leftBottom,1409257629981,1409257630280
Sub21,test,1vs2,14,rightB,leftB,leftBottom,1409257636864,1409257637453
Sub21,test,1vs3,15,leftB,rightB,rightBottom,1409257644900,1409257645420
Sub21,test,2vs3,16,rightB,rightB,rightBottom,1409257653765,1409257656823
Sub22,warmUp,1vs4,1,leftB,rightB,cookieleft1,1409258162052,1409258164906
Sub22,warmUp,1vs4,1,leftB,rightB,plateLeft,1409258162052,1409258165406
Sub22,warmUp,1vs4,1,leftB,rightB,plateLeft,1409258162052,1409258165423
Sub22,warmUp,1vs4,1,leftB,rightB,cookieleft1,1409258162052,1409258170724
Sub22,warmUp,1vs4,1,leftB,rightB,plateLeft,1409258162052,1409258172484
Sub22,warmUp,1vs4,1,leftB,rightB,plateLeft,1409258162052,1409258172835
Sub22,warmUp,1vs4,1,leftB,rightB,plateLeft,1409258162052,1409258178115
Sub22,warmUp,1vs4,1,leftB,rightB,plateLeft,1409258162052,1409258178518
Sub22,warmUp,1vs4,1,leftB,rightB,plateLeft,1409258162052,1409258178587
Sub22,warmUp,1vs4,1,leftB,rightB,cookieright1,1409258162052,1409258181008
Sub22b,warmUp,1vs4,1,rightB,leftB,cookieleft3,1409258220283,1409258227205
Sub22b,warmUp,1vs3,2,rightB,rightB,plateLeft,1409258234977,1409258237384
Sub22b,warmUp,1vs3,2,rightB,rightB,plateRight,1409258234977,1409258248253
Sub22b,warmUp,2vs3,3,leftB,leftB,plateRight,1409258256658,1409258262407
Sub22b,warmUp,2vs3,3,leftB,leftB,plateRight,1409258256658,1409258262905
Sub22b,warmUp,2vs3,3,leftB,leftB,plateRight,1409258256658,1409258271030
Sub22b,warmUp,2vs3,3,leftB,leftB,cookieright2,1409258256658,1409258271094
Sub22b,warmUp,2vs3,3,leftB,leftB,plateRight,1409258256658,1409258271470
Sub22b,warmUp,2vs3,3,leftB,leftB,plateRight,1409258256658,1409258291687
Sub22b,warmUp,2vs3,3,leftB,leftB,plateRight,1409258256658,1409258291995
Sub23,warmUp,1vs3,1,rightB,rightB,plateRight,1409258887066,1409258904757
Sub23,warmUp,1vs4,2,leftB,leftB,cookieleft1,1409258913181,1409258914692
Sub23,warmUp,2vs3,3,leftB,leftB,cookieleft1,1409258923132,1409258923370
Sub23,warmUp,1vs2,4,leftB,rightB,cookieright1,1409258929901,1409258930705
Sub23,warmUp,1vs3,5,rightB,leftB,plateLeft,1409258941338,1409258943636
Sub23,warmUp,1vs4,6,rightB,leftB,plateLeft,1409258952054,1409258952953
Sub23,warmUp,2vs3,7,rightB,leftB,cookieright2,1409258961285,1409258962928
Sub23,warmUp,2vs3,7,rightB,leftB,cookieright1,1409258961285,1409258964550
Sub23,warmUp,2vs3,7,rightB,leftB,plateLeft,1409258961285,1409258965510
Sub23,warmUp,1vs2,8,leftB,rightB,cookieright2,1409258972072,1409258972447
Sub23,test,1vs3,1,rightB,rightB,rightBottom,1409258997339,1409258998199
Sub23,test,1vs4,2,leftB,leftB,leftBottom,1409259006581,1409259007117
Sub23,test,2vs3,3,rightB,leftB,leftBottom,1409259015486,1409259018726
Sub23,test,1vs2,4,leftB,rightB,rightTop,1409259025419,1409259025679
Sub23,test,1vs3,5,leftB,rightB,rightTop,1409259036340,1409259036656
Sub23,test,1vs4,6,leftB,leftB,leftBottom,1409259045064,1409259048098
Sub23,test,2vs3,7,rightB,rightB,rightBottom,1409259056441,1409259058555
Sub23,test,1vs2,8,leftB,leftB,leftBottom,1409259065095,1409259065111
Sub23,test,1vs3,9,rightB,leftB,leftBottom,1409259075661,1409259077513
Sub23,test,1vs4,10,leftB,rightB,rightBottom,1409259085854,1409259087144
Sub23,test,2vs3,11,rightB,rightB,rightTop,1409259095482,1409259096659
Sub23,test,1vs2,12,leftB,leftB,leftBottom,1409259103214,1409259104741
Sub23,test,1vs3,13,rightB,rightB,rightBottom,1409259115301,1409259117241
Sub23,test,1vs4,14,rightB,rightB,rightBottom,1409259125588,1409259126741
Sub23,test,2vs3,15,leftB,leftB,leftTop,1409259135090,1409259136843
Sub23,test,1vs2,16,leftB,leftB,leftBottom,1409259143390,1409259144532
Sub24,warmUp,1vs3,1,leftB,leftB,cookieright1,1409260103545,1409260108659
Sub24,warmUp,1vs3,1,leftB,leftB,plateRight,1409260103545,1409260114325
Sub24,warmUp,1vs3,1,leftB,leftB,cookieright1,1409260103545,1409260114642
Sub24,warmUp,1vs3,1,leftB,leftB,plateRight,1409260103545,1409260114655
Sub24,warmUp,1vs3,1,leftB,leftB,plateRight,1409260103545,1409260119063
Sub24,warmUp,1vs3,1,leftB,leftB,cookieright1,1409260103545,1409260119448
Sub24,warmUp,1vs3,1,leftB,leftB,cookieright1,1409260103545,1409260119915
Sub24,warmUp,1vs3,1,leftB,leftB,cookieright1,1409260103545,1409260122244
Sub24,warmUp,1vs3,1,leftB,leftB,cookieright1,1409260103545,1409260122683
Sub24,warmUp,1vs3,1,leftB,leftB,plateRight,1409260103545,1409260123373
Sub24,warmUp,1vs3,1,leftB,leftB,plateRight,1409260103545,1409260134329
Sub24,warmUp,1vs3,1,leftB,leftB,plateRight,1409260103545,1409260134656
Sub24,warmUp,1vs3,1,leftB,leftB,plateRight,1409260103545,1409260135086
Sub24,warmUp,1vs3,1,leftB,leftB,cookieright1,1409260103545,1409260137712
Sub24,warmUp,1vs3,1,leftB,leftB,cookieright1,1409260103545,1409260138048
Sub24,warmUp,1vs3,1,leftB,leftB,cookieright1,1409260103545,1409260138429
Sub24,warmUp,1vs3,1,leftB,leftB,cookieright1,1409260103545,1409260138913
Sub24,warmUp,1vs3,1,leftB,leftB,plateRight,1409260103545,1409260143471
Sub24,warmUp,1vs3,1,leftB,leftB,cookieright1,1409260103545,1409260150011
Sub24,warmUp,1vs3,1,leftB,leftB,plateRight,1409260103545,1409260151211
Sub24,warmUp,1vs3,1,leftB,leftB,plateRight,1409260103545,1409260151291
Sub24,warmUp,1vs3,1,leftB,leftB,plateRight,1409260103545,1409260152267
Sub24,warmUp,1vs3,1,leftB,leftB,plateRight,1409260103545,1409260167870
Sub24,warmUp,1vs3,1,leftB,leftB,plateRight,1409260103545,1409260168192
Sub24,warmUp,1vs3,1,leftB,leftB,plateRight,1409260103545,1409260168181
Sub24,warmUp,1vs3,1,leftB,leftB,cookieright1,1409260103545,1409260188400
Sub24,warmUp,1vs3,1,leftB,leftB,plateRight,1409260103545,1409260223541
Sub24,warmUp,1vs3,1,leftB,leftB,cookieright1,1409260103545,1409260223868
Sub24,warmUp,1vs3,1,leftB,leftB,plateLeft,1409260103545,1409260227755
Sub24,warmUp,1vs4,2,rightB,leftB,plateRight,1409260236104,1409260238350
Sub24,warmUp,1vs4,2,rightB,leftB,plateLeft,1409260236104,1409260239573
Sub24,warmUp,1vs2,3,leftB,rightB,cookieright1,1409260246131,1409260249000
Sub24,warmUp,2vs3,4,rightB,leftB,cookieleft2,1409260257447,1409260260497
Sub24,warmUp,1vs3,5,rightB,leftB,plateLeft,1409260271303,1409260273184
Sub24,warmUp,1vs4,6,leftB,rightB,plateRight,1409260281595,1409260291900
Sub24,warmUp,1vs2,7,rightB,rightB,plateLeft,1409260298430,1409260311038
Sub24,warmUp,1vs2,7,rightB,rightB,cookieleft1,1409260298430,1409260311402
Sub24,warmUp,1vs2,7,rightB,rightB,cookieleft1,1409260298430,1409260315992
Sub24,warmUp,1vs2,7,rightB,rightB,cookieleft1,1409260298430,1409260316296
Sub24,warmUp,1vs2,7,rightB,rightB,cookieleft1,1409260298430,1409260316568
Sub24,warmUp,1vs2,7,rightB,rightB,cookieleft1,1409260298430,1409260316655
Sub24,warmUp,1vs2,7,rightB,rightB,plateRight,1409260298430,1409260317927
Sub25,warmUp,1vs4,1,leftB,rightB,cookieright2,1409262307394,1409262308652
Sub25,warmUp,2vs3,2,rightB,rightB,cookieright1,1409262316990,1409262317775
Sub25,warmUp,1vs3,3,leftB,leftB,cookieleft2,1409262325207,1409262325744
Sub25,warmUp,1vs2,4,leftB,rightB,cookieright1,1409262332272,1409262332510
Sub25,warmUp,1vs4,5,rightB,rightB,cookieright2,1409262343952,1409262344213
Sub25,warmUp,2vs3,6,rightB,leftB,cookieleft3,1409262352549,1409262352697
Sub25,warmUp,1vs3,7,leftB,leftB,cookieleft2,1409262360128,1409262360450
Sub25,warmUp,1vs2,8,rightB,leftB,cookieleft1,1409262366980,1409262367224
Sub25,test,1vs4,1,leftB,rightB,rightBottom,1409262387829,1409262388265
Sub25,test,2vs3,2,leftB,leftB,leftBottom,1409262396612,1409262396662
Sub25,test,1vs3,3,rightB,rightB,rightBottom,1409262404102,1409262404201
Sub25,test,1vs2,4,leftB,leftB,leftBottom,1409262410770,1409262410857
Sub25,test,1vs4,5,leftB,rightB,rightBottom,1409262422405,1409262422692
Sub25,test,2vs3,6,leftB,rightB,rightBottom,1409262431028,1409262431414
Sub25,test,1vs3,7,rightB,leftB,leftBottom,1409262438923,1409262440513
Sub25,test,1vs2,8,rightB,rightB,rightBottom,1409262447050,1409262448506
Sub25,test,1vs4,9,rightB,rightB,rightTop,1409262459955,1409262459968
Sub25,test,2vs3,10,rightB,rightB,rightBottom,1409262468322,1409262468425
Sub25,test,1vs3,11,rightB,rightB,rightBottom,1409262475866,1409262476107
Sub25,test,1vs2,12,leftB,leftB,leftTop,1409262482646,1409262482722
Sub25,test,1vs4,13,leftB,leftB,leftBottom,1409262494231,1409262494379
Sub25,test,2vs3,14,rightB,rightB,rightBottom,1409262502715,1409262502947
Sub25,test,1vs3,15,rightB,rightB,rightBottom,1409262510392,1409262510628
Sub25,test,1vs2,16,rightB,rightB,rightBottom,1409262517166,1409262517539
Sub26,warmUp,1vs4,1,rightB,leftB,cookieleft3,1409263340566,1409263343148
Sub26,warmUp,1vs3,2,rightB,leftB,plateLeft,1409263350616,1409263351864
Sub26,warmUp,1vs2,3,leftB,rightB,cookieright1,1409263360204,1409263360366
Sub26,warmUp,2vs3,4,leftB,rightB,cookieleft2,1409263369923,1409263371739
Sub26,warmUp,2vs3,4,leftB,rightB,cookieleft2,1409263369923,1409263374689
Sub26,warmUp,2vs3,4,leftB,rightB,plateLeft,1409263369923,1409263374729
Sub26,warmUp,2vs3,4,leftB,rightB,plateLeft,1409263369923,1409263376569
Sub26,warmUp,2vs3,4,leftB,rightB,cookieleft1,1409263369923,1409263377148
Sub26,warmUp,2vs3,4,leftB,rightB,cookieleft2,1409263369923,1409263382123
Sub26,warmUp,2vs3,4,leftB,rightB,cookieleft2,1409263369923,1409263383943
Sub26,warmUp,2vs3,4,leftB,rightB,cookieleft2,1409263369923,1409263382915
Sub26,warmUp,2vs3,4,leftB,rightB,plateLeft,1409263369923,1409263389406
Sub26,warmUp,2vs3,4,leftB,rightB,cookieleft2,1409263369923,1409263390565
Sub26,warmUp,2vs3,4,leftB,rightB,cookieleft2,1409263369923,1409263391285
Sub26,warmUp,2vs3,4,leftB,rightB,cookieleft1,1409263369923,1409263392085
Sub26,warmUp,2vs3,4,leftB,rightB,cookieleft2,1409263369923,1409263392900
Sub26,warmUp,2vs3,4,leftB,rightB,cookieleft2,1409263369923,1409263393764
Sub26,warmUp,2vs3,4,leftB,rightB,cookieleft1,1409263369923,1409263395235
Sub26,warmUp,2vs3,4,leftB,rightB,cookieleft1,1409263369923,1409263395703
Sub26,warmUp,2vs3,4,leftB,rightB,plateLeft,1409263369923,1409263395747
Sub26,warmUp,2vs3,4,leftB,rightB,plateLeft,1409263369923,1409263413890
Sub26,warmUp,2vs3,4,leftB,rightB,plateLeft,1409263369923,1409263416089
Sub26,warmUp,2vs3,4,leftB,rightB,cookieleft1,1409263369923,1409263416744
Sub26,warmUp,2vs3,4,leftB,rightB,cookieleft1,1409263369923,1409263417113
Sub26,warmUp,2vs3,4,leftB,rightB,cookieleft1,1409263369923,1409263417432
Sub26,warmUp,2vs3,4,leftB,rightB,cookieleft2,1409263369923,1409263417785
Sub26,warmUp,2vs3,4,leftB,rightB,cookieleft2,1409263369923,1409263418151
Sub26,warmUp,2vs3,4,leftB,rightB,cookieleft2,1409263369923,1409263418636
Sub26,warmUp,2vs3,4,leftB,rightB,cookieleft2,1409263369923,1409263419000
Sub26,warmUp,2vs3,4,leftB,rightB,cookieleft2,1409263369923,1409263419499
Sub26,warmUp,2vs3,4,leftB,rightB,cookieleft1,1409263369923,1409263419624
Sub26,warmUp,2vs3,4,leftB,rightB,cookieleft1,1409263369923,1409263420123
Sub26,warmUp,2vs3,4,leftB,rightB,cookieleft2,1409263369923,1409263425615
Sub26,warmUp,2vs3,4,leftB,rightB,plateLeft,1409263369923,1409263426295
Sub26,warmUp,2vs3,4,leftB,rightB,plateRight,1409263369923,1409263437111
Sub26,warmUp,1vs4,5,rightB,leftB,cookieleft3,1409263448800,1409263450902
Sub26,warmUp,1vs3,6,leftB,leftB,cookieleft3,1409263458401,1409263464709
Sub26,warmUp,1vs2,7,rightB,leftB,cookieleft2,1409263471269,1409263474000
Sub26,warmUp,2vs3,8,leftB,leftB,cookieleft2,1409263482333,1409263483054
Sub26,test,1vs4,1,rightB,rightB,rightBottom,1409263495184,1409263509218
Sub26,test,1vs3,2,leftB,leftB,leftBottom,1409263516730,1409263522573
Sub26,test,1vs2,3,leftB,leftB,leftBottom,1409263529113,1409263538756
Sub26,test,2vs3,4,rightB,leftB,leftBottom,1409263547211,1409263549830